cohortDefinitionId,ageGroup,genderConceptId,persons,cohort,sex
1,30,8507,96,Celecoxib,Male
1,30,8532,113,Celecoxib,Female
1,35,8507,455,Celecoxib,Male
1,35,8532,430,Celecoxib,Female
1,40,8507,333,Celecoxib,Male
1,40,8532,343,Celecoxib,Female
1,45,8507,30,Celecoxib,Male
1,45,8532,44,Celecoxib,Female
2,30,8507,45,Diclofenac,Male
2,30,8532,55,Diclofenac,Female
2,35,8507,214,Diclofenac,Male
2,35,8532,206,Diclofenac,Female
2,40,8507,138,Diclofenac,Male
2,40,8532,166,Diclofenac,Female
2,45,8507,10,Diclofenac,Male
2,45,8532,16,Diclofenac,Female
