ref_id,source_name,target_cohort_definition_id,tar_id,subgroup_id,outcome_id,age_group_id,gender_id,gender_name,start_year,persons_at_risk_pe,persons_at_risk,person_days_pe,person_days,person_outcomes_pe,person_outcomes,outcomes_pe,outcomes,incidence_proportion_p100p,incidence_rate_p100py,age_group_name,cohort,sex,person_years,ir_per_1000py,age_group,lower,upper
1,Eunomia GiBleed,1,1,0,1,1,8507,MALE,NA,95,95,34468,28926,18,18,18,18,18.94736842105263,22.728686994399503,<35,Celecoxib,Male,79.19507186858316,227.28686994399504,30-34,134.7046038180505,359.21124378464344
1,Eunomia GiBleed,1,1,0,1,1,8532,FEMALE,NA,111,111,40202,34667,17,17,17,17,15.315315315315315,17.911125854559092,<35,Celecoxib,Female,94.91307323750856,179.1112585455909,30-34,104.33890855926565,286.7744757120573
1,Eunomia GiBleed,1,1,0,1,2,8507,MALE,NA,442,442,159042,133436,85,85,85,85,19.23076923076923,23.26677208549417,35 - 39,Celecoxib,Male,365.32785763175906,232.6677208549417,35-39,185.84671162205996,287.69723995381946
1,Eunomia GiBleed,1,1,0,1,2,8532,FEMALE,NA,420,420,150577,123347,92,92,92,92,21.904761904761905,27.242656894776523,35 - 39,Celecoxib,Female,337.7056810403833,272.42656894776525,35-39,219.61426452104507,334.10700303908635
1,Eunomia GiBleed,1,1,0,1,3,8507,MALE,NA,327,327,117553,96084,71,71,71,71,21.712538226299696,26.98966529286874,40 - 44,Celecoxib,Male,263.0636550308008,269.8966529286874,40-44,210.79152514628635,340.4379031250624
1,Eunomia GiBleed,1,1,0,1,3,8532,FEMALE,NA,333,333,120084,102383,58,58,58,58,17.41741741741742,20.69142338083471,40 - 44,Celecoxib,Female,280.30937713894593,206.9142338083471,40-44,157.11865271784598,267.4846289838126
1,Eunomia GiBleed,1,1,0,1,4,8507,MALE,NA,30,30,10916,9146,6,6,6,6,20,23.96129455499672,>=45,Celecoxib,Male,25.0403832991102,239.6129455499672,45-49,87.93372797808146,521.5365063114967
1,Eunomia GiBleed,1,1,0,1,4,8532,FEMALE,NA,42,42,15372,12800,8,8,8,8,19.047619047619047,22.828125,>=45,Celecoxib,Female,35.044490075290895,228.28125,45-49,98.5556408247961,449.8050673965319
1,Eunomia GiBleed,2,1,0,1,1,8507,MALE,NA,45,45,16234,14975,5,5,5,5,11.11111111111111,12.195325542570952,<35,Diclofenac,Male,40.99931553730322,121.95325542570951,30-34,39.59789008285496,284.5982164923275
1,Eunomia GiBleed,2,1,0,1,1,8532,FEMALE,NA,54,54,19247,16692,9,9,9,9,16.666666666666668,19.693565780014374,<35,Diclofenac,Female,45.700205338809035,196.9356578001438,30-34,90.051523113913,373.8452228990446
1,Eunomia GiBleed,2,1,0,1,2,8507,MALE,NA,207,207,75187,65634,30,30,30,30,14.492753623188406,16.69485327726483,35 - 39,Diclofenac,Male,179.69609856262835,166.94853277264832,35-39,112.6394739970745,238.32941136382814
1,Eunomia GiBleed,2,1,0,1,2,8532,FEMALE,NA,202,202,72869,64296,27,27,27,27,13.366336633663366,15.338045912653977,35 - 39,Diclofenac,Female,176.0328542094456,153.38045912653976,35-39,101.07868904173016,223.16051524349032
1,Eunomia GiBleed,2,1,0,1,3,8507,MALE,NA,133,133,47351,41742,19,19,19,19,14.285714285714286,16.625341382779933,40 - 44,Diclofenac,Male,114.28336755646818,166.2534138277993,40-44,100.0954155355505,259.62529986636093
1,Eunomia GiBleed,2,1,0,1,3,8532,FEMALE,NA,163,163,59376,50517,27,27,27,27,16.56441717791411,19.521646178514164,40 - 44,Diclofenac,Female,138.30800821355237,195.21646178514163,40-44,128.6488784097845,284.02970263664616
1,Eunomia GiBleed,2,1,0,1,4,8507,MALE,NA,10,10,3608,2636,3,3,3,3,30,41.56866464339909,>=45,Diclofenac,Male,7.216974674880219,415.6866464339909,45-49,85.72458000289014,1214.8127802440756
1,Eunomia GiBleed,2,1,0,1,4,8532,FEMALE,NA,16,16,5690,4513,4,4,4,4,25,32.37314424994461,>=45,Diclofenac,Female,12.355920602327172,323.7314424994461,45-49,88.20592238356197,828.8810688436076
