covariateId,mean1,sd1,mean2,sd2,sd,stdDiff,covariateName
4285898210,0.17136659436008678,0.3768289860102487,0.07529411764705882,0.26386533212002233,0.32528833224719417,-0.2953455970871413,condition_era group (ConditionGroupEraLongTerm) during day -365 through -1 days relative to index: Polyp of colon
30753210,0.09978308026030369,0.29971055562670706,0.04352941176470588,0.20404558822999475,0.25637962012433246,-0.21941552323198443,condition_era group (ConditionGroupEraLongTerm) during day -365 through -1 days relative to index: Esophagitis
81893210,0.03091106290672451,0.1730767722621988,0.010588235294117647,0.10235294117647059,0.14218244206683026,-0.1429348611346434,condition_era group (ConditionGroupEraLongTerm) during day -365 through -1 days relative to index: Ulcerative colitis
4112343210,0.07537960954446854,0.2640028863656457,0.04823529411764706,0.21426304048769387,0.2404227261808076,-0.11290245251777015,condition_era group (ConditionGroupEraLongTerm) during day -365 through -1 days relative to index: Acute viral pharyngitis
4310024210,0.004880694143167028,0.06969126894990421,0,0,0.049279168863972746,-0.09904173012007168,condition_era group (ConditionGroupEraLongTerm) during day -365 through -1 days relative to index: Angiodysplasia of stomach
381316210,0,0,0.004705882352941176,0.0684378332811717,0.04839285600283089,0.09724332766526304,condition_era group (ConditionGroupEraLongTerm) during day -365 through -1 days relative to index: Cerebrovascular accident
372328210,0.006507592190889371,0.08040673749609821,0.001176470588235294,0.034279534786666975,0.061807483122825656,-0.08625365948100354,condition_era group (ConditionGroupEraLongTerm) during day -365 through -1 days relative to index: Otitis media
1347450410,0,0,0.0035294117647058825,0.05930392075825205,0.04193420451910968,0.0841654636156865,drug_era group (DrugGroupEraLongTerm) during day -365 through -1 days relative to index: alteplase
81151210,0.0070498915401301515,0.08366714151566643,0.015294117647058824,0.12272003753444972,0.10502475465779318,0.07849793254734277,condition_era group (ConditionGroupEraLongTerm) during day -365 through -1 days relative to index: Sprain of ankle
738818410,0.0113882863340564,0.1061065185011267,0.004705882352941176,0.0684378332811717,0.08928138185716941,-0.07484655638289292,drug_era group (DrugGroupEraLongTerm) during day -365 through -1 days relative to index: Doxylamine
1119510410,0.0113882863340564,0.1061065185011267,0.004705882352941176,0.0684378332811717,0.08928138185716941,-0.07484655638289292,drug_era group (DrugGroupEraLongTerm) during day -365 through -1 days relative to index: Dextromethorphan
1124957410,0.0027114967462039045,0.052001389708345586,0,0,0.036770535293895505,-0.0737410191211999,drug_era group (DrugGroupEraLongTerm) during day -365 through -1 days relative to index: Oxycodone
4059173210,0,0,0.002352941176470588,0.04845002419288,0.03425934065543773,0.0686802819743445,condition_era group (ConditionGroupEraLongTerm) during day -365 through -1 days relative to index: Fracture of ankle
4113008210,0.0010845986984815619,0.03291538157373865,0.004705882352941176,0.0684378332811717,0.05369897284104355,0.06743673971528504,condition_era group (ConditionGroupEraLongTerm) during day -365 through -1 days relative to index: Laceration of hand
1174888410,0.0016268980477223427,0.040302000576456005,0,0,0.02849781790299619,-0.057088512996333475,drug_era group (DrugGroupEraLongTerm) during day -365 through -1 days relative to index: Hydrocodone
40481087210,0.10412147505422993,0.30541806345853434,0.12117647058823529,0.3263322441378017,0.31604819810495294,0.05396327407106986,condition_era group (ConditionGroupEraLongTerm) during day -365 through -1 days relative to index: Viral sinusitis
1759842410,0.020065075921908895,0.14022292483811957,0.02823529411764706,0.16564438500515805,0.15346095746784255,0.05323971862648009,drug_era group (DrugGroupEraLongTerm) during day -365 through -1 days relative to index: Clavulanate
1102527410,0.0032537960954446853,0.056949178276898375,0.007058823529411765,0.08371974999838681,0.07159680665436952,0.053145211522291555,drug_era group (DrugGroupEraLongTerm) during day -365 through -1 days relative to index: Meperidine
4296205210,0.003796095444685466,0.06149540717858777,0.001176470588235294,0.034279534786666975,0.04978338884231675,-0.052620460707235854,condition_era group (ConditionGroupEraLongTerm) during day -365 through -1 days relative to index: Second degree burn
1177480410,0.0113882863340564,0.1061065185011267,0.01764705882352941,0.13166487815058467,0.11957055115461802,0.05234376214741808,drug_era group (DrugGroupEraLongTerm) during day -365 through -1 days relative to index: Ibuprofen
9003,0.04013015184381779,0.19626442050664689,0.03058823529411765,0.17219928906853635,0.18462437259543937,-0.05168286513617026,age group:  45 -  49
261325210,0,0,0.001176470588235294,0.034279534786666975,0.02423929150357237,0.048535683811629,condition_era group (ConditionGroupEraLongTerm) during day -365 through -1 days relative to index: Pulmonary emphysema
1768849410,0,0,0.001176470588235294,0.034279534786666975,0.02423929150357237,0.048535683811629,drug_era group (DrugGroupEraLongTerm) during day -365 through -1 days relative to index: Cefaclor
1137529410,5.422993492407809e-4,0.023281006435646075,0.002352941176470588,0.04845002419288,0.03800927587410243,0.04763684089186991,drug_era group (DrugGroupEraLongTerm) during day -365 through -1 days relative to index: salmeterol
1149380410,5.422993492407809e-4,0.023281006435646075,0.002352941176470588,0.04845002419288,0.03800927587410243,0.04763684089186991,drug_era group (DrugGroupEraLongTerm) during day -365 through -1 days relative to index: fluticasone
1738521410,0.0010845986984815619,0.03291538157373865,0,0,0.02327468951613333,-0.046599921246199646,drug_era group (DrugGroupEraLongTerm) during day -365 through -1 days relative to index: Doxycycline
1778162410,0.0010845986984815619,0.03291538157373865,0,0,0.02327468951613333,-0.046599921246199646,drug_era group (DrugGroupEraLongTerm) during day -365 through -1 days relative to index: Cefuroxime
4056621210,0.0010845986984815619,0.03291538157373865,0,0,0.02327468951613333,-0.046599921246199646,condition_era group (ConditionGroupEraLongTerm) during day -365 through -1 days relative to index: Recurrent urinary tract infection
4283893210,0.12093275488069415,0.3260491123706061,0.13529411764705881,0.34203745317897954,0.33413892548970014,0.04298021472750369,condition_era group (ConditionGroupEraLongTerm) during day -365 through -1 days relative to index: Sinusitis
1361711410,0.009219088937093275,0.0955724716446281,0.0058823529411764705,0.07647058823529412,0.08655012478707105,-0.038552642230450594,drug_era group (DrugGroupEraLongTerm) during day -365 through -1 days relative to index: Nitroglycerin
375671210,0.0016268980477223427,0.040302000576456005,0.0035294117647058825,0.05930392075825205,0.05070111570648963,0.03752409962725973,condition_era group (ConditionGroupEraLongTerm) during day -365 through -1 days relative to index: Concussion with loss of consciousness
78272210,0.00596529284164859,0.07700459806376478,0.0035294117647058825,0.05930392075825205,0.06872649831128821,-0.03544311345399389,condition_era group (ConditionGroupEraLongTerm) during day -365 through -1 days relative to index: Sprain of wrist
4134304210,0.0027114967462039045,0.052001389708345586,0.001176470588235294,0.034279534786666975,0.04404106627222791,-0.03485442764896432,condition_era group (ConditionGroupEraLongTerm) during day -365 through -1 days relative to index: Fracture subluxation of wrist
1713332410,0.02386117136659436,0.15261656485325692,0.029411764705882353,0.16895772489817731,0.16099460964637377,0.034476889328654704,drug_era group (DrugGroupEraLongTerm) during day -365 through -1 days relative to index: Amoxicillin
8507001,0.4956616052060738,0.49998117797634345,0.4788235294117647,0.49955135581181803,0.49976631310245273,-0.03369189829899008,gender = MALE
8532001,0.5043383947939263,0.49998117797634345,0.5211764705882352,0.49955135581181803,0.49976631310245273,0.03369189829898986,gender = FEMALE
80809210,5.422993492407809e-4,0.023281006435646075,0,0,0.016462157523492994,-0.03294217956952911,condition_era group (ConditionGroupEraLongTerm) during day -365 through -1 days relative to index: Rheumatoid arthritis
196456210,5.422993492407809e-4,0.023281006435646075,0,0,0.016462157523492994,-0.03294217956952911,condition_era group (ConditionGroupEraLongTerm) during day -365 through -1 days relative to index: Gallstone
198199210,5.422993492407809e-4,0.023281006435646075,0,0,0.016462157523492994,-0.03294217956952911,condition_era group (ConditionGroupEraLongTerm) during day -365 through -1 days relative to index: Pyelonephritis
198809210,5.422993492407809e-4,0.023281006435646075,0,0,0.016462157523492994,-0.03294217956952911,condition_era group (ConditionGroupEraLongTerm) during day -365 through -1 days relative to index: Acute cholecystitis
258780210,5.422993492407809e-4,0.023281006435646075,0,0,0.016462157523492994,-0.03294217956952911,condition_era group (ConditionGroupEraLongTerm) during day -365 through -1 days relative to index: Emphysematous bronchitis
708298410,5.422993492407809e-4,0.023281006435646075,0,0,0.016462157523492994,-0.03294217956952911,drug_era group (DrugGroupEraLongTerm) during day -365 through -1 days relative to index: Midazolam
753626410,5.422993492407809e-4,0.023281006435646075,0,0,0.016462157523492994,-0.03294217956952911,drug_era group (DrugGroupEraLongTerm) during day -365 through -1 days relative to index: Propofol
782043410,5.422993492407809e-4,0.023281006435646075,0,0,0.016462157523492994,-0.03294217956952911,drug_era group (DrugGroupEraLongTerm) during day -365 through -1 days relative to index: Isoflurane
967823410,5.422993492407809e-4,0.023281006435646075,0,0,0.016462157523492994,-0.03294217956952911,drug_era group (DrugGroupEraLongTerm) during day -365 through -1 days relative to index: Sodium Chloride
1000560410,5.422993492407809e-4,0.023281006435646075,0,0,0.016462157523492994,-0.03294217956952911,drug_era group (DrugGroupEraLongTerm) during day -365 through -1 days relative to index: Ondansetron
1110410410,5.422993492407809e-4,0.023281006435646075,0,0,0.016462157523492994,-0.03294217956952911,drug_era group (DrugGroupEraLongTerm) during day -365 through -1 days relative to index: Morphine
1150770410,5.422993492407809e-4,0.023281006435646075,0,0,0.016462157523492994,-0.03294217956952911,drug_era group (DrugGroupEraLongTerm) during day -365 through -1 days relative to index: Astemizole
1154029410,5.422993492407809e-4,0.023281006435646075,0,0,0.016462157523492994,-0.03294217956952911,drug_era group (DrugGroupEraLongTerm) during day -365 through -1 days relative to index: Fentanyl
1305058410,5.422993492407809e-4,0.023281006435646075,0,0,0.016462157523492994,-0.03294217956952911,drug_era group (DrugGroupEraLongTerm) during day -365 through -1 days relative to index: Methotrexate
1367571410,5.422993492407809e-4,0.023281006435646075,0,0,0.016462157523492994,-0.03294217956952911,drug_era group (DrugGroupEraLongTerm) during day -365 through -1 days relative to index: heparin
1521369410,5.422993492407809e-4,0.023281006435646075,0,0,0.016462157523492994,-0.03294217956952911,drug_era group (DrugGroupEraLongTerm) during day -365 through -1 days relative to index: Norethindrone
1551099410,5.422993492407809e-4,0.023281006435646075,0,0,0.016462157523492994,-0.03294217956952911,drug_era group (DrugGroupEraLongTerm) during day -365 through -1 days relative to index: Prednisone
1728416410,5.422993492407809e-4,0.023281006435646075,0,0,0.016462157523492994,-0.03294217956952911,drug_era group (DrugGroupEraLongTerm) during day -365 through -1 days relative to index: Penicillin G
1741122410,5.422993492407809e-4,0.023281006435646075,0,0,0.016462157523492994,-0.03294217956952911,drug_era group (DrugGroupEraLongTerm) during day -365 through -1 days relative to index: tazobactam
1746114410,5.422993492407809e-4,0.023281006435646075,0,0,0.016462157523492994,-0.03294217956952911,drug_era group (DrugGroupEraLongTerm) during day -365 through -1 days relative to index: Piperacillin
4084167210,5.422993492407809e-4,0.023281006435646075,0,0,0.016462157523492994,-0.03294217956952911,condition_era group (ConditionGroupEraLongTerm) during day -365 through -1 days relative to index: Acute allergic reaction
4142905210,5.422993492407809e-4,0.023281006435646075,0,0,0.016462157523492994,-0.03294217956952911,condition_era group (ConditionGroupEraLongTerm) during day -365 through -1 days relative to index: Fracture of rib
19003953410,5.422993492407809e-4,0.023281006435646075,0,0,0.016462157523492994,-0.03294217956952911,drug_era group (DrugGroupEraLongTerm) during day -365 through -1 days relative to index: Rocuronium
1112807410,0.0027114967462039045,0.052001389708345586,0.004705882352941176,0.0684378332811717,0.06077779839637449,0.03281437727853335,drug_era group (DrugGroupEraLongTerm) during day -365 through -1 days relative to index: Aspirin
28060210,0.007592190889370932,0.08680178297057202,0.010588235294117647,0.10235294117647059,0.09489645434457585,0.03157172125596876,condition_era group (ConditionGroupEraLongTerm) during day -365 through -1 days relative to index: Streptococcal sore throat
1729720410,0.007592190889370932,0.08680178297057202,0.010588235294117647,0.10235294117647059,0.09489645434457585,0.03157172125596876,drug_era group (DrugGroupEraLongTerm) during day -365 through -1 days relative to index: Penicillin V
4035415210,0.0010845986984815619,0.03291538157373865,0.002352941176470588,0.04845002419288,0.04141755176513618,0.030623308813165332,condition_era group (ConditionGroupEraLongTerm) during day -365 through -1 days relative to index: Tear of meniscus of knee
7003,0.47993492407809113,0.49959723050498195,0.49411764705882355,0.4999653967264889,0.4997813475171535,0.028377855738695095,age group:  35 -  39
195588210,0.005422993492407809,0.07344102827431756,0.0035294117647058825,0.05930392075825205,0.06674780764673155,-0.02836919734838137,condition_era group (ConditionGroupEraLongTerm) during day -365 through -1 days relative to index: Cystitis
4155034210,0.0021691973969631237,0.046524101061881165,0.0035294117647058825,0.05930392075825205,0.05329843804895773,0.025520717258042766,condition_era group (ConditionGroupEraLongTerm) during day -365 through -1 days relative to index: Laceration of forearm
1002,38.64696312364425,3.319255467763521,38.56588235294117,3.281602819516591,3.300482837808528,-0.02456633610520792,age in years
439777210,0.0021691973969631237,0.046524101061881165,0.001176470588235294,0.034279534786666975,0.04086305473656151,-0.024293994052275406,condition_era group (ConditionGroupEraLongTerm) during day -365 through -1 days relative to index: Anemia
1332418410,0.0021691973969631237,0.046524101061881165,0.001176470588235294,0.034279534786666975,0.04086305473656151,-0.024293994052275406,drug_era group (DrugGroupEraLongTerm) during day -365 through -1 days relative to index: Amlodipine
1539403410,0.0021691973969631237,0.046524101061881165,0.001176470588235294,0.034279534786666975,0.04086305473656151,-0.024293994052275406,drug_era group (DrugGroupEraLongTerm) during day -365 through -1 days relative to index: Simvastatin
321042210,5.422993492407809e-4,0.023281006435646075,0.001176470588235294,0.034279534786666975,0.029300953617987464,0.02164336517038148,condition_era group (ConditionGroupEraLongTerm) during day -365 through -1 days relative to index: Cardiac arrest
723013410,5.422993492407809e-4,0.023281006435646075,0.001176470588235294,0.034279534786666975,0.029300953617987464,0.02164336517038148,drug_era group (DrugGroupEraLongTerm) during day -365 through -1 days relative to index: Diazepam
740275410,5.422993492407809e-4,0.023281006435646075,0.001176470588235294,0.034279534786666975,0.029300953617987464,0.02164336517038148,drug_era group (DrugGroupEraLongTerm) during day -365 through -1 days relative to index: Carbamazepine
914335410,5.422993492407809e-4,0.023281006435646075,0.001176470588235294,0.034279534786666975,0.029300953617987464,0.02164336517038148,drug_era group (DrugGroupEraLongTerm) during day -365 through -1 days relative to index: Atropine
1309944410,5.422993492407809e-4,0.023281006435646075,0.001176470588235294,0.034279534786666975,0.029300953617987464,0.02164336517038148,drug_era group (DrugGroupEraLongTerm) during day -365 through -1 days relative to index: Amiodarone
1343916410,5.422993492407809e-4,0.023281006435646075,0.001176470588235294,0.034279534786666975,0.029300953617987464,0.02164336517038148,drug_era group (DrugGroupEraLongTerm) during day -365 through -1 days relative to index: Epinephrine
4029498210,5.422993492407809e-4,0.023281006435646075,0.001176470588235294,0.034279534786666975,0.029300953617987464,0.02164336517038148,condition_era group (ConditionGroupEraLongTerm) during day -365 through -1 days relative to index: Seizure disorder
4109685210,5.422993492407809e-4,0.023281006435646075,0.001176470588235294,0.034279534786666975,0.029300953617987464,0.02164336517038148,condition_era group (ConditionGroupEraLongTerm) during day -365 through -1 days relative to index: Laceration of foot
4149245210,5.422993492407809e-4,0.023281006435646075,0.001176470588235294,0.034279534786666975,0.029300953617987464,0.02164336517038148,condition_era group (ConditionGroupEraLongTerm) during day -365 through -1 days relative to index: Rupture of patellar tendon
19010482410,5.422993492407809e-4,0.023281006435646075,0.001176470588235294,0.034279534786666975,0.029300953617987464,0.02164336517038148,drug_era group (DrugGroupEraLongTerm) during day -365 through -1 days relative to index: Cyclosporine
1322184410,0.005422993492407809,0.07344102827431756,0.007058823529411765,0.08371974999838681,0.07874827354863566,0.020772900322616625,drug_era group (DrugGroupEraLongTerm) during day -365 through -1 days relative to index: clopidogrel
4294548210,0.006507592190889371,0.08040673749609821,0.00823529411764706,0.09037407840992298,0.08553571617520178,0.020198602455363295,condition_era group (ConditionGroupEraLongTerm) during day -365 through -1 days relative to index: Acute bacterial sinusitis
8003,0.3665943600867679,0.48187439778363517,0.35764705882352943,0.4793074588804229,0.48059264215016306,-0.018617224814779478,age group:  40 -  44
4237458210,0.0032537960954446853,0.056949178276898375,0.002352941176470588,0.04845002419288,0.052870661763896105,-0.017038843262394455,condition_era group (ConditionGroupEraLongTerm) during day -365 through -1 days relative to index: Fracture of clavicle
4116491210,0.003796095444685466,0.06149540717858777,0.004705882352941176,0.0684378332811717,0.06505928883826566,0.0139839663866815,condition_era group (ConditionGroupEraLongTerm) during day -365 through -1 days relative to index: Escherichia coli urinary tract infection
257012210,0.008134490238611713,0.08982382928360182,0.009411764705882352,0.0965566330761562,0.09325101527107656,0.013697164192343202,condition_era group (ConditionGroupEraLongTerm) during day -365 through -1 days relative to index: Chronic sinusitis
6003,0.11334056399132321,0.317008644275597,0.11764705882352941,0.32218973970892123,0.3196096908098645,0.013474231088844331,age group:  30 -  34
920293410,0.008134490238611713,0.08982382928360182,0.007058823529411765,0.08371974999838681,0.08682544801773853,-0.012388841448652108,drug_era group (DrugGroupEraLongTerm) during day -365 through -1 days relative to index: Nitrofurantoin
933724410,0.008134490238611713,0.08982382928360182,0.007058823529411765,0.08371974999838681,0.08682544801773853,-0.012388841448652108,drug_era group (DrugGroupEraLongTerm) during day -365 through -1 days relative to index: Phenazopyridine
317576210,0.0016268980477223427,0.040302000576456005,0.001176470588235294,0.034279534786666975,0.03741214879992174,-0.012039604084114808,condition_era group (ConditionGroupEraLongTerm) during day -365 through -1 days relative to index: Coronary arteriosclerosis
4296204210,0.0016268980477223427,0.040302000576456005,0.001176470588235294,0.034279534786666975,0.03741214879992174,-0.012039604084114808,condition_era group (ConditionGroupEraLongTerm) during day -365 through -1 days relative to index: First degree burn
40486433210,0.0016268980477223427,0.040302000576456005,0.001176470588235294,0.034279534786666975,0.03741214879992174,-0.012039604084114808,condition_era group (ConditionGroupEraLongTerm) during day -365 through -1 days relative to index: Perennial allergic rhinitis
1125315410,0.07429501084598698,0.26225038076117574,0.07176470588235294,0.2580979133429256,0.2601824312682872,-0.00972511845361657,drug_era group (DrugGroupEraLongTerm) during day -365 through -1 days relative to index: Acetaminophen
1115008410,0.010303687635574838,0.10098277901049932,0.009411764705882352,0.0965566330761562,0.09879449642486875,-0.00902806291816848,drug_era group (DrugGroupEraLongTerm) during day -365 through -1 days relative to index: Naproxen
4001336210,0.009761388286334056,0.09831634444515051,0.010588235294117647,0.10235294117647059,0.10035494046765094,0.00823922573149372,condition_era group (ConditionGroupEraLongTerm) during day -365 through -1 days relative to index: Concussion injury of brain
4132546210,0.009761388286334056,0.09831634444515051,0.010588235294117647,0.10235294117647059,0.10035494046765094,0.00823922573149372,condition_era group (ConditionGroupEraLongTerm) during day -365 through -1 days relative to index: Traumatic brain injury
4156265210,0.0027114967462039045,0.052001389708345586,0.002352941176470588,0.04845002419288,0.050257085947604876,-0.007134428170131586,condition_era group (ConditionGroupEraLongTerm) during day -365 through -1 days relative to index: Facial laceration
4278672210,0.0027114967462039045,0.052001389708345586,0.002352941176470588,0.04845002419288,0.050257085947604876,-0.007134428170131586,condition_era group (ConditionGroupEraLongTerm) during day -365 through -1 days relative to index: Fracture of forearm
378001210,0.007592190889370932,0.08680178297057202,0.007058823529411765,0.08371974999838681,0.08527469163433743,-0.006254697023664137,condition_era group (ConditionGroupEraLongTerm) during day -365 through -1 days relative to index: Concussion with no loss of consciousness
4218389210,0.005422993492407809,0.07344102827431756,0.0058823529411764705,0.07647058823529412,0.0749711127669885,0.006127152603381498,condition_era group (ConditionGroupEraLongTerm) during day -365 through -1 days relative to index: Whiplash injury to neck
4152936210,0.0021691973969631237,0.046524101061881165,0.002352941176470588,0.04845002419288,0.04749682528289017,0.0038685486537908573,condition_era group (ConditionGroupEraLongTerm) during day -365 through -1 days relative to index: Laceration of thigh
134438210,0.0010845986984815619,0.03291538157373865,0.001176470588235294,0.034279534786666975,0.03360438103384085,0.0027339259622492017,condition_era group (ConditionGroupEraLongTerm) during day -365 through -1 days relative to index: Contact dermatitis
975125410,0.0010845986984815619,0.03291538157373865,0.001176470588235294,0.034279534786666975,0.03360438103384085,0.0027339259622492017,drug_era group (DrugGroupEraLongTerm) during day -365 through -1 days relative to index: Hydrocortisone
4048171210,0.0010845986984815619,0.03291538157373865,0.001176470588235294,0.034279534786666975,0.03360438103384085,0.0027339259622492017,condition_era group (ConditionGroupEraLongTerm) during day -365 through -1 days relative to index: Perennial allergic rhinitis with seasonal variation
4280726210,0.0010845986984815619,0.03291538157373865,0.001176470588235294,0.034279534786666975,0.03360438103384085,0.0027339259622492017,condition_era group (ConditionGroupEraLongTerm) during day -365 through -1 days relative to index: Seasonal allergic rhinitis
260139210,0.048264642082429504,0.2143249085082844,0.04823529411764706,0.21426304048769387,0.21429397673070005,-1.3695188838335165e-4,condition_era group (ConditionGroupEraLongTerm) during day -365 through -1 days relative to index: Acute bronchitis
