cohortDefinitionId,subjectId,daysToEvent,cohort
1,3,52,Celecoxib
1,32,66,Celecoxib
1,35,84,Celecoxib
1,61,17,Celecoxib
1,80,41,Celecoxib
1,99,68,Celecoxib
1,115,11,Celecoxib
1,133,10,Celecoxib
1,135,66,Celecoxib
1,149,47,Celecoxib
1,160,18,Celecoxib
1,163,22,Celecoxib
1,187,71,Celecoxib
1,188,77,Celecoxib
1,202,89,Celecoxib
1,213,39,Celecoxib
1,222,35,Celecoxib
1,236,54,Celecoxib
1,260,16,Celecoxib
1,262,16,Celecoxib
1,285,17,Celecoxib
1,304,46,Celecoxib
1,320,52,Celecoxib
1,326,32,Celecoxib
1,343,64,Celecoxib
1,351,21,Celecoxib
1,366,38,Celecoxib
1,392,59,Celecoxib
1,393,80,Celecoxib
1,484,54,Celecoxib
1,500,69,Celecoxib
1,507,26,Celecoxib
1,518,9,Celecoxib
1,539,47,Celecoxib
1,549,24,Celecoxib
1,558,9,Celecoxib
1,579,68,Celecoxib
1,582,58,Celecoxib
1,597,87,Celecoxib
1,616,87,Celecoxib
1,648,61,Celecoxib
1,651,58,Celecoxib
1,675,18,Celecoxib
1,720,59,Celecoxib
1,757,69,Celecoxib
1,787,85,Celecoxib
1,793,35,Celecoxib
1,795,11,Celecoxib
1,807,43,Celecoxib
1,821,25,Celecoxib
1,841,32,Celecoxib
1,844,14,Celecoxib
1,847,15,Celecoxib
1,915,44,Celecoxib
1,935,10,Celecoxib
1,936,16,Celecoxib
1,951,23,Celecoxib
1,962,82,Celecoxib
1,1068,89,Celecoxib
1,1070,46,Celecoxib
1,1076,19,Celecoxib
1,1084,71,Celecoxib
1,1085,14,Celecoxib
1,1088,61,Celecoxib
1,1099,70,Celecoxib
1,1117,62,Celecoxib
1,1118,49,Celecoxib
1,1133,47,Celecoxib
1,1137,81,Celecoxib
1,1158,14,Celecoxib
1,1201,88,Celecoxib
1,1246,75,Celecoxib
1,1259,9,Celecoxib
1,1265,64,Celecoxib
1,1271,30,Celecoxib
1,1313,32,Celecoxib
1,1352,16,Celecoxib
1,1390,69,Celecoxib
1,1433,82,Celecoxib
1,1464,80,Celecoxib
1,1525,72,Celecoxib
1,1540,56,Celecoxib
1,1560,58,Celecoxib
1,1566,52,Celecoxib
1,1571,22,Celecoxib
1,1576,74,Celecoxib
1,1579,75,Celecoxib
1,1599,64,Celecoxib
1,1604,65,Celecoxib
1,1618,17,Celecoxib
1,1641,10,Celecoxib
1,1658,22,Celecoxib
1,1669,75,Celecoxib
1,1672,71,Celecoxib
1,1674,7,Celecoxib
1,1685,87,Celecoxib
1,1691,89,Celecoxib
1,1692,5,Celecoxib
1,1713,69,Celecoxib
1,1733,66,Celecoxib
1,1737,76,Celecoxib
1,1756,57,Celecoxib
1,1758,40,Celecoxib
1,1759,26,Celecoxib
1,1760,31,Celecoxib
1,1762,65,Celecoxib
1,1789,85,Celecoxib
1,1804,14,Celecoxib
1,1844,64,Celecoxib
1,1846,28,Celecoxib
1,1847,83,Celecoxib
1,1848,15,Celecoxib
1,1850,69,Celecoxib
1,1854,43,Celecoxib
1,1860,83,Celecoxib
1,1900,47,Celecoxib
1,1902,75,Celecoxib
1,1916,25,Celecoxib
1,1946,37,Celecoxib
1,1958,61,Celecoxib
1,1965,48,Celecoxib
1,1967,86,Celecoxib
1,1975,53,Celecoxib
1,2005,29,Celecoxib
1,2016,25,Celecoxib
1,2054,38,Celecoxib
1,2070,44,Celecoxib
1,2075,56,Celecoxib
1,2088,54,Celecoxib
1,2097,27,Celecoxib
1,2103,42,Celecoxib
1,2105,84,Celecoxib
1,2116,15,Celecoxib
1,2138,81,Celecoxib
1,2156,64,Celecoxib
1,2160,63,Celecoxib
1,2164,70,Celecoxib
1,2167,12,Celecoxib
1,2173,64,Celecoxib
1,2206,27,Celecoxib
1,2232,80,Celecoxib
1,2243,43,Celecoxib
1,2250,55,Celecoxib
1,2265,19,Celecoxib
1,2266,64,Celecoxib
1,2273,53,Celecoxib
1,2283,77,Celecoxib
1,2320,68,Celecoxib
1,2328,55,Celecoxib
1,2332,38,Celecoxib
1,2342,15,Celecoxib
1,2343,47,Celecoxib
1,2349,43,Celecoxib
1,2356,17,Celecoxib
1,2358,28,Celecoxib
1,2395,81,Celecoxib
1,2414,25,Celecoxib
1,2448,80,Celecoxib
1,2450,20,Celecoxib
1,2483,88,Celecoxib
1,2485,52,Celecoxib
1,2541,10,Celecoxib
1,2543,85,Celecoxib
1,2554,49,Celecoxib
1,2556,74,Celecoxib
1,2574,85,Celecoxib
1,2579,34,Celecoxib
1,2586,81,Celecoxib
1,2591,27,Celecoxib
1,2594,15,Celecoxib
1,2610,25,Celecoxib
1,2622,66,Celecoxib
1,2631,81,Celecoxib
1,2649,30,Celecoxib
1,2674,67,Celecoxib
1,2677,60,Celecoxib
1,2682,7,Celecoxib
1,2703,29,Celecoxib
1,2709,80,Celecoxib
1,2740,24,Celecoxib
1,2743,69,Celecoxib
1,2780,88,Celecoxib
1,2786,77,Celecoxib
1,2834,70,Celecoxib
1,2836,70,Celecoxib
1,2866,76,Celecoxib
1,2878,8,Celecoxib
1,2914,75,Celecoxib
1,2926,30,Celecoxib
1,2966,6,Celecoxib
1,2987,62,Celecoxib
1,3019,48,Celecoxib
1,3028,37,Celecoxib
1,3048,10,Celecoxib
1,3064,41,Celecoxib
1,3067,71,Celecoxib
1,3070,19,Celecoxib
1,3077,5,Celecoxib
1,3081,22,Celecoxib
1,3087,33,Celecoxib
1,3098,78,Celecoxib
1,3115,28,Celecoxib
1,3117,27,Celecoxib
1,3132,14,Celecoxib
1,3135,48,Celecoxib
1,3178,68,Celecoxib
1,3181,27,Celecoxib
1,3195,13,Celecoxib
1,3196,45,Celecoxib
1,3214,59,Celecoxib
1,3216,53,Celecoxib
1,3224,37,Celecoxib
1,3226,28,Celecoxib
1,3232,18,Celecoxib
1,3241,37,Celecoxib
1,3246,47,Celecoxib
1,3263,84,Celecoxib
1,3278,18,Celecoxib
1,3283,39,Celecoxib
1,3287,76,Celecoxib
1,3290,17,Celecoxib
1,3304,20,Celecoxib
1,3314,65,Celecoxib
1,3363,82,Celecoxib
1,3403,28,Celecoxib
1,3437,51,Celecoxib
1,3438,68,Celecoxib
1,3477,35,Celecoxib
1,3494,37,Celecoxib
1,3504,20,Celecoxib
1,3513,32,Celecoxib
1,3516,6,Celecoxib
1,3536,32,Celecoxib
1,3540,19,Celecoxib
1,3553,49,Celecoxib
1,3556,14,Celecoxib
1,3561,72,Celecoxib
1,3569,23,Celecoxib
1,3572,83,Celecoxib
1,3573,82,Celecoxib
1,3578,60,Celecoxib
1,3593,27,Celecoxib
1,3609,37,Celecoxib
1,3647,5,Celecoxib
1,3675,48,Celecoxib
1,3686,47,Celecoxib
1,3714,42,Celecoxib
1,3719,79,Celecoxib
1,3746,17,Celecoxib
1,3752,44,Celecoxib
1,3767,47,Celecoxib
1,3777,79,Celecoxib
1,3791,76,Celecoxib
1,3804,80,Celecoxib
1,3822,44,Celecoxib
1,3831,23,Celecoxib
1,3833,51,Celecoxib
1,3865,64,Celecoxib
1,3879,46,Celecoxib
1,3887,76,Celecoxib
1,3890,56,Celecoxib
1,3921,70,Celecoxib
1,3928,25,Celecoxib
1,3941,9,Celecoxib
1,3950,41,Celecoxib
1,3951,18,Celecoxib
1,3958,17,Celecoxib
1,3960,22,Celecoxib
1,3972,21,Celecoxib
1,3989,26,Celecoxib
1,4009,28,Celecoxib
1,4018,32,Celecoxib
1,4045,81,Celecoxib
1,4051,15,Celecoxib
1,4072,53,Celecoxib
1,4091,14,Celecoxib
1,4092,76,Celecoxib
1,4100,89,Celecoxib
1,4109,43,Celecoxib
1,4113,21,Celecoxib
1,4116,27,Celecoxib
1,4117,71,Celecoxib
1,4149,69,Celecoxib
1,4153,40,Celecoxib
1,4156,31,Celecoxib
1,4204,64,Celecoxib
1,4210,69,Celecoxib
1,4222,20,Celecoxib
1,4223,88,Celecoxib
1,4253,85,Celecoxib
1,4270,81,Celecoxib
1,4283,78,Celecoxib
1,4295,74,Celecoxib
1,4337,72,Celecoxib
1,4340,87,Celecoxib
1,4373,25,Celecoxib
1,4374,72,Celecoxib
1,4391,57,Celecoxib
1,4433,49,Celecoxib
1,4435,33,Celecoxib
1,4439,80,Celecoxib
1,4451,82,Celecoxib
1,4462,41,Celecoxib
1,4485,59,Celecoxib
1,4487,64,Celecoxib
1,4509,79,Celecoxib
1,4522,84,Celecoxib
1,4529,10,Celecoxib
1,4538,10,Celecoxib
1,4544,38,Celecoxib
1,4551,82,Celecoxib
1,4578,20,Celecoxib
1,4591,74,Celecoxib
1,4622,28,Celecoxib
1,4633,20,Celecoxib
1,4639,66,Celecoxib
1,4661,65,Celecoxib
1,4689,61,Celecoxib
1,4720,88,Celecoxib
1,4755,71,Celecoxib
1,4811,39,Celecoxib
1,4829,17,Celecoxib
1,4848,87,Celecoxib
1,4855,30,Celecoxib
1,4886,16,Celecoxib
1,4898,48,Celecoxib
1,4923,22,Celecoxib
1,4949,31,Celecoxib
1,4988,39,Celecoxib
1,5004,23,Celecoxib
1,5014,81,Celecoxib
1,5017,51,Celecoxib
1,5022,14,Celecoxib
1,5035,50,Celecoxib
1,5104,9,Celecoxib
1,5111,58,Celecoxib
1,5121,69,Celecoxib
1,5142,58,Celecoxib
1,5152,38,Celecoxib
1,5153,37,Celecoxib
1,5172,50,Celecoxib
1,5199,23,Celecoxib
1,5207,43,Celecoxib
1,5210,59,Celecoxib
1,5228,49,Celecoxib
1,5229,19,Celecoxib
1,5239,57,Celecoxib
1,5245,52,Celecoxib
1,5251,81,Celecoxib
1,5252,40,Celecoxib
1,5267,85,Celecoxib
1,5279,59,Celecoxib
1,5285,52,Celecoxib
1,5315,44,Celecoxib
1,5316,71,Celecoxib
2,116,26,Diclofenac
2,164,15,Diclofenac
2,224,10,Diclofenac
2,264,79,Diclofenac
2,273,15,Diclofenac
2,280,26,Diclofenac
2,299,77,Diclofenac
2,364,24,Diclofenac
2,371,16,Diclofenac
2,374,51,Diclofenac
2,377,48,Diclofenac
2,421,87,Diclofenac
2,422,74,Diclofenac
2,432,17,Diclofenac
2,442,8,Diclofenac
2,598,88,Diclofenac
2,613,17,Diclofenac
2,639,25,Diclofenac
2,693,18,Diclofenac
2,729,21,Diclofenac
2,733,76,Diclofenac
2,774,53,Diclofenac
2,817,62,Diclofenac
2,890,66,Diclofenac
2,893,44,Diclofenac
2,987,38,Diclofenac
2,1112,75,Diclofenac
2,1215,49,Diclofenac
2,1257,44,Diclofenac
2,1409,56,Diclofenac
2,1491,5,Diclofenac
2,1498,11,Diclofenac
2,1545,67,Diclofenac
2,1606,22,Diclofenac
2,1695,84,Diclofenac
2,1751,66,Diclofenac
2,1821,83,Diclofenac
2,1878,75,Diclofenac
2,1934,27,Diclofenac
2,1935,32,Diclofenac
2,1962,5,Diclofenac
2,2177,31,Diclofenac
2,2180,53,Diclofenac
2,2184,65,Diclofenac
2,2256,69,Diclofenac
2,2470,8,Diclofenac
2,2540,27,Diclofenac
2,2542,48,Diclofenac
2,2697,11,Diclofenac
2,2776,38,Diclofenac
2,2777,27,Diclofenac
2,2896,81,Diclofenac
2,2898,5,Diclofenac
2,2906,25,Diclofenac
2,2909,19,Diclofenac
2,2933,78,Diclofenac
2,3002,57,Diclofenac
2,3010,74,Diclofenac
2,3106,49,Diclofenac
2,3141,64,Diclofenac
2,3161,73,Diclofenac
2,3177,69,Diclofenac
2,3218,56,Diclofenac
2,3259,41,Diclofenac
2,3296,19,Diclofenac
2,3352,32,Diclofenac
2,3376,57,Diclofenac
2,3383,88,Diclofenac
2,3436,72,Diclofenac
2,3464,88,Diclofenac
2,3483,7,Diclofenac
2,3533,10,Diclofenac
2,3545,85,Diclofenac
2,3547,55,Diclofenac
2,3582,89,Diclofenac
2,3621,84,Diclofenac
2,3644,45,Diclofenac
2,3658,80,Diclofenac
2,3695,35,Diclofenac
2,3708,50,Diclofenac
2,3776,67,Diclofenac
2,3795,78,Diclofenac
2,3820,18,Diclofenac
2,3843,6,Diclofenac
2,3930,58,Diclofenac
2,3961,70,Diclofenac
2,3966,11,Diclofenac
2,4006,16,Diclofenac
2,4019,8,Diclofenac
2,4102,46,Diclofenac
2,4133,46,Diclofenac
2,4320,44,Diclofenac
2,4333,71,Diclofenac
2,4376,47,Diclofenac
2,4380,27,Diclofenac
2,4390,37,Diclofenac
2,4419,20,Diclofenac
2,4450,74,Diclofenac
2,4452,20,Diclofenac
2,4466,76,Diclofenac
2,4505,24,Diclofenac
2,4521,38,Diclofenac
2,4641,69,Diclofenac
2,4644,6,Diclofenac
2,4756,5,Diclofenac
2,4805,48,Diclofenac
2,4820,17,Diclofenac
2,4860,24,Diclofenac
2,4883,18,Diclofenac
2,4899,43,Diclofenac
2,4922,47,Diclofenac
2,4963,65,Diclofenac
2,4979,55,Diclofenac
2,5002,71,Diclofenac
2,5086,27,Diclofenac
2,5107,51,Diclofenac
2,5194,31,Diclofenac
2,5195,58,Diclofenac
2,5197,45,Diclofenac
2,5241,14,Diclofenac
2,5278,8,Diclofenac
2,5299,67,Diclofenac
2,5301,48,Diclofenac
2,5333,24,Diclofenac
